<?xml version="1.0" encoding="UTF-8"?>
<GenRun Id="synth_1" LaunchPart="xc7z007sclg400-1" LaunchTime="1712012501">
  <File Type="PA-TCL" Name="PWM_Controller.tcl"/>
  <File Type="RDS-PROPCONSTRS" Name="PWM_Controller_drc_synth.rpt"/>
  <File Type="REPORTS-TCL" Name="PWM_Controller_reports.tcl"/>
  <File Type="RDS-RDS" Name="PWM_Controller.vds"/>
  <File Type="RDS-UTIL" Name="PWM_Controller_utilization_synth.rpt"/>
  <File Type="RDS-UTIL-PB" Name="PWM_Controller_utilization_synth.pb"/>
  <File Type="RDS-DCP" Name="PWM_Controller.dcp"/>
  <File Type="VDS-TIMINGSUMMARY" Name="PWM_Controller_timing_summary_synth.rpt"/>
  <File Type="VDS-TIMING-PB" Name="PWM_Controller_timing_summary_synth.pb"/>
  <FileSet Name="sources" Type="DesignSrcs" RelSrcDir="$PSRCDIR/sources_1">
    <Filter Type="Srcs"/>
    <File Path="$PSRCDIR/sources_1/new/PWM_Controller.vhd">
      <FileInfo>
        <Attr Name="UsedIn" Val="synthesis"/>
        <Attr Name="UsedIn" Val="simulation"/>
      </FileInfo>
    </File>
    <Config>
      <Option Name="DesignMode" Val="RTL"/>
      <Option Name="TopModule" Val="PWM_Controller"/>
      <Option Name="TopAutoSet" Val="TRUE"/>
    </Config>
  </FileSet>
  <FileSet Name="constrs_in" Type="Constrs" RelSrcDir="$PSRCDIR/constrs_1">
    <Filter Type="Constrs"/>
    <File Path="$PPRDIR/CoraZ707s_PinAssignment.xdc">
      <FileInfo>
        <Attr Name="UsedIn" Val="synthesis"/>
        <Attr Name="UsedIn" Val="implementation"/>
      </FileInfo>
    </File>
    <Config>
      <Option Name="ConstrsType" Val="XDC"/>
    </Config>
  </FileSet>
  <FileSet Name="utils" Type="Utils" RelSrcDir="$PSRCDIR/utils_1">
    <Filter Type="Utils"/>
    <Config>
      <Option Name="TopAutoSet" Val="TRUE"/>
    </Config>
  </FileSet>
  <Strategy Version="1" Minor="2">
    <StratHandle Name="Vivado Synthesis Defaults" Flow="Vivado Synthesis 2019">
      <Desc>Vivado Synthesis Defaults</Desc>
    </StratHandle>
    <Step Id="synth_design"/>
  </Strategy>
</GenRun>
