<?xml version="1.0" encoding="UTF-8" standalone="no"?> 
<part_info part_name="xc7z007sclg400-1">
	<pins>
		<pin index="0" name ="sys_clk" 			          iostandard="LVCMOS33" loc="H16"/> <!-- Schematic Name: SYSCLK -->

		<pin index="1" name ="btns_2bits_tri_i_0"         iostandard="LVCMOS33" loc="D20"/> <!-- Schematic Name: BTN0 -->
		<pin index="2" name ="btns_2bits_tri_i_1"         iostandard="LVCMOS33" loc="D19"/> <!-- Schematic Name: BTN1 -->

		<pin index="3" name ="rgb_leds_tri_o_0"           iostandard="LVCMOS33" loc="N15"/> <!-- Schematic Name: LED0_R -->
		<pin index="4" name ="rgb_leds_tri_o_1"           iostandard="LVCMOS33" loc="G17"/> <!-- Schematic Name: LED0_G -->
		<pin index="5" name ="rgb_leds_tri_o_2"           iostandard="LVCMOS33" loc="L15"/> <!-- Schematic Name: LED0_B -->
		<pin index="6" name ="rgb_leds_tri_o_3"           iostandard="LVCMOS33" loc="M15"/> <!-- Schematic Name: LED1_R -->
		<pin index="7" name ="rgb_leds_tri_o_4"           iostandard="LVCMOS33" loc="L14"/> <!-- Schematic Name: LED1_G -->
		<pin index="8" name ="rgb_leds_tri_o_5"           iostandard="LVCMOS33" loc="G14"/> <!-- Schematic Name: LED1_B -->

		<pin index="9"  name ="JA1" 			          iostandard="LVCMOS33" loc="Y18"/> <!-- Schematic Name: JA1_P -->
		<pin index="10" name ="JA2" 			          iostandard="LVCMOS33" loc="Y19"/> <!-- Schematic Name: JA1_N -->
		<pin index="11" name ="JA3" 			          iostandard="LVCMOS33" loc="Y16"/> <!-- Schematic Name: JA2_P -->
		<pin index="12" name ="JA4" 			          iostandard="LVCMOS33" loc="Y17"/> <!-- Schematic Name: JA2_N -->
		<pin index="13" name ="JA7" 			          iostandard="LVCMOS33" loc="U18"/> <!-- Schematic Name: JA3_P -->
		<pin index="14" name ="JA8" 			          iostandard="LVCMOS33" loc="U19"/> <!-- Schematic Name: JA3_N -->
		<pin index="15" name ="JA9" 			          iostandard="LVCMOS33" loc="W18"/> <!-- Schematic Name: JA4_P -->
		<pin index="16" name ="JA10"			          iostandard="LVCMOS33" loc="W19"/> <!-- Schematic Name: JA4_N -->

		<pin index="17" name ="JB1" 			          iostandard="LVCMOS33" loc="W14"/> <!-- Schematic Name: JB1_P -->
		<pin index="18" name ="JB2" 			          iostandard="LVCMOS33" loc="Y14"/> <!-- Schematic Name: JB1_N -->
		<pin index="19" name ="JB3" 			          iostandard="LVCMOS33" loc="T11"/> <!-- Schematic Name: JB2_P -->
		<pin index="20" name ="JB4" 			          iostandard="LVCMOS33" loc="T10"/> <!-- Schematic Name: JB2_N -->
		<pin index="21" name ="JB7" 			          iostandard="LVCMOS33" loc="V16"/> <!-- Schematic Name: JB3_P -->
		<pin index="22" name ="JB8" 			          iostandard="LVCMOS33" loc="W16"/> <!-- Schematic Name: JB3_N -->
		<pin index="23" name ="JB9" 			          iostandard="LVCMOS33" loc="V12"/> <!-- Schematic Name: JB4_P -->
		<pin index="24" name ="JB10"			          iostandard="LVCMOS33" loc="W13"/> <!-- Schematic Name: JB4_N -->

		<pin index="25" name ="shield_i2c_sda_i"          iostandard="LVCMOS33" loc="P15"/> <!-- Schematic Name: CK_SDA -->
		<pin index="26" name ="shield_i2c_scl_i"          iostandard="LVCMOS33" loc="P16"/> <!-- Schematic Name: CK_SCL -->

		<pin index="27" name ="shield_dp0_dp13_tri_i_0"   iostandard="LVCMOS33" loc="U14"/> <!-- Schematic Name: CK_IO0 -->
		<pin index="28" name ="shield_dp0_dp13_tri_i_1"   iostandard="LVCMOS33" loc="V13"/> <!-- Schematic Name: CK_IO1 -->
		<pin index="29" name ="shield_dp0_dp13_tri_i_2"   iostandard="LVCMOS33" loc="T14"/> <!-- Schematic Name: CK_IO2 -->
		<pin index="30" name ="shield_dp0_dp13_tri_i_3"   iostandard="LVCMOS33" loc="T15"/> <!-- Schematic Name: CK_IO3 -->
		<pin index="31" name ="shield_dp0_dp13_tri_i_4"   iostandard="LVCMOS33" loc="V17"/> <!-- Schematic Name: CK_IO4 -->
		<pin index="33" name ="shield_dp0_dp13_tri_i_5"   iostandard="LVCMOS33" loc="V18"/> <!-- Schematic Name: CK_IO5 -->
		<pin index="33" name ="shield_dp0_dp13_tri_i_6"   iostandard="LVCMOS33" loc="R17"/> <!-- Schematic Name: CK_IO6 -->
		<pin index="34" name ="shield_dp0_dp13_tri_i_7"   iostandard="LVCMOS33" loc="R14"/> <!-- Schematic Name: CK_IO7 -->
		<pin index="35" name ="shield_dp0_dp13_tri_i_8"   iostandard="LVCMOS33" loc="N18"/> <!-- Schematic Name: CK_IO8 -->
		<pin index="36" name ="shield_dp0_dp13_tri_i_9"   iostandard="LVCMOS33" loc="M18"/> <!-- Schematic Name: CK_IO9 -->
		<pin index="37" name ="shield_dp0_dp13_tri_i_10"  iostandard="LVCMOS33" loc="U15"/> <!-- Schematic Name: CK_IO10 -->
		<pin index="38" name ="shield_dp0_dp13_tri_i_11"  iostandard="LVCMOS33" loc="K18"/> <!-- Schematic Name: CK_IO11 -->
		<pin index="39" name ="shield_dp0_dp13_tri_i_12"  iostandard="LVCMOS33" loc="J18"/> <!-- Schematic Name: CK_IO12 -->
		<pin index="40" name ="shield_dp0_dp13_tri_i_13"  iostandard="LVCMOS33" loc="G15"/> <!-- Schematic Name: CK_IO13 -->

		<pin index="41" name ="shield_dp26_dp41_tri_i_0"  iostandard="LVCMOS33" loc="R16"/> <!-- Schematic Name: CK_IO26 -->
		<pin index="42" name ="shield_dp26_dp41_tri_i_1"  iostandard="LVCMOS33" loc="U12"/> <!-- Schematic Name: CK_IO27 -->
		<pin index="43" name ="shield_dp26_dp41_tri_i_2"  iostandard="LVCMOS33" loc="U13"/> <!-- Schematic Name: CK_IO28 -->
		<pin index="44" name ="shield_dp26_dp41_tri_i_3"  iostandard="LVCMOS33" loc="V15"/> <!-- Schematic Name: CK_IO29 -->
		<pin index="45" name ="shield_dp26_dp41_tri_i_4"  iostandard="LVCMOS33" loc="T16"/> <!-- Schematic Name: CK_IO30 -->
		<pin index="46" name ="shield_dp26_dp41_tri_i_5"  iostandard="LVCMOS33" loc="U17"/> <!-- Schematic Name: CK_IO31 -->
		<pin index="47" name ="shield_dp26_dp41_tri_i_6"  iostandard="LVCMOS33" loc="T17"/> <!-- Schematic Name: CK_IO32 -->
		<pin index="48" name ="shield_dp26_dp41_tri_i_7"  iostandard="LVCMOS33" loc="R18"/> <!-- Schematic Name: CK_IO33 -->
		<pin index="49" name ="shield_dp26_dp41_tri_i_8"  iostandard="LVCMOS33" loc="P18"/> <!-- Schematic Name: CK_IO34 -->
		<pin index="50" name ="shield_dp26_dp41_tri_i_9"  iostandard="LVCMOS33" loc="N17"/> <!-- Schematic Name: CK_IO35 -->
		<pin index="51" name ="shield_dp26_dp41_tri_i_10" iostandard="LVCMOS33" loc="M17"/> <!-- Schematic Name: CK_IO36 -->
		<pin index="52" name ="shield_dp26_dp41_tri_i_11" iostandard="LVCMOS33" loc="L17"/> <!-- Schematic Name: CK_IO37 -->
		<pin index="53" name ="shield_dp26_dp41_tri_i_12" iostandard="LVCMOS33" loc="H17"/> <!-- Schematic Name: CK_IO38 -->
		<pin index="54" name ="shield_dp26_dp41_tri_i_13" iostandard="LVCMOS33" loc="H18"/> <!-- Schematic Name: CK_IO39 -->
		<pin index="55" name ="shield_dp26_dp41_tri_i_14" iostandard="LVCMOS33" loc="G18"/> <!-- Schematic Name: CK_IO40 -->
		<pin index="56" name ="shield_dp26_dp41_tri_i_15" iostandard="LVCMOS33" loc="L20"/> <!-- Schematic Name: CK_IO41 -->
		
		<pin index="57" name ="shield_spi_miso_i"         iostandard="LVCMOS33" loc="W15"/> <!-- Schematic Name: CK_MISO -->
		<pin index="58" name ="shield_spi_mosi_i"         iostandard="LVCMOS33" loc="T12"/> <!-- Schematic Name: CK_MOSI -->
		<pin index="59" name ="shield_spi_sck_i"          iostandard="LVCMOS33" loc="H15"/> <!-- Schematic Name: CK_SCK -->
		<pin index="60" name ="shield_spi_ss_i"           iostandard="LVCMOS33" loc="F16"/> <!-- Schematic Name: CK_SS -->
		
		<pin index="61" name ="user_dio_tri_i_0"          iostandard="LVCMOS33" loc="L19"/> <!-- Schematic Name: USER_DIO1 -->
		<pin index="62" name ="user_dio_tri_i_1"          iostandard="LVCMOS33" loc="M19"/> <!-- Schematic Name: USER_DIO2 -->
		<pin index="63" name ="user_dio_tri_i_2"          iostandard="LVCMOS33" loc="N20"/> <!-- Schematic Name: USER_DIO3 -->
		<pin index="64" name ="user_dio_tri_i_3"          iostandard="LVCMOS33" loc="P20"/> <!-- Schematic Name: USER_DIO4 -->
		<pin index="65" name ="user_dio_tri_i_4"          iostandard="LVCMOS33" loc="P19"/> <!-- Schematic Name: USER_DIO5 -->
		<pin index="66" name ="user_dio_tri_i_5"          iostandard="LVCMOS33" loc="R19"/> <!-- Schematic Name: USER_DIO6 -->
		<pin index="67" name ="user_dio_tri_i_6"          iostandard="LVCMOS33" loc="T20"/> <!-- Schematic Name: USER_DIO7 -->
		<pin index="68" name ="user_dio_tri_i_7"          iostandard="LVCMOS33" loc="T19"/> <!-- Schematic Name: USER_DIO8 -->
		<pin index="69" name ="user_dio_tri_i_8"          iostandard="LVCMOS33" loc="U20"/> <!-- Schematic Name: USER_DIO9 -->
		<pin index="70" name ="user_dio_tri_i_9"          iostandard="LVCMOS33" loc="V20"/> <!-- Schematic Name: USER_DIO10 -->
		<pin index="71" name ="user_dio_tri_i_10"         iostandard="LVCMOS33" loc="W20"/> <!-- Schematic Name: USER_DIO11 -->
		<pin index="72" name ="user_dio_tri_i_11"         iostandard="LVCMOS33" loc="K19"/> <!-- Schematic Name: USER_DIO12 -->

		
		
	</pins>
</part_info>
